step,time_s,crossed,l_leg_pitch_joint_deg,r_leg_pitch_joint_deg,l_leg_roll_joint_deg,r_leg_roll_joint_deg,l_leg_yaw_joint_deg,r_leg_yaw_joint_deg,l_knee_pitch_joint_deg,r_knee_pitch_joint_deg,l_ankle_pitch_joint_deg,r_ankle_pitch_joint_deg,l_ankle_roll_joint_deg,r_ankle_roll_joint_deg
1,0.02,0,-6.2865372748178245,6.181856941824562,-1.051717651040441,1.1014448432927186,1.3811303109124569,-1.0397885122116022,-14.211293714515914,14.094295135354535,12.215109457877158,-12.547449387417053,1.2706628867014904,-1.060945343330834
2,0.04,0,-2.1536171287997887,1.9176400693913718,-1.7637753307414368,1.9931151538238936,3.3702477763594834,-2.0075033741973485,-9.14279986919892,8.071172216727891,11.868339899941963,-10.99718512979998,-2.2311075459242873,2.236328158327704
3,0.06,0,-1.1481844681133506,-2.8602516382997942,-2.9657302496523013,2.050865683916821,6.352447319647978,-2.648698268146285,-9.979093353817158,3.44276816364574,14.136170171382236,-8.56069272831635,-3.776203698217188,3.3075758815261502
4,0.08,0,-3.796555100622887,-8.769891177310088,-6.277194429806893,1.5985869922212668,9.477197393226282,-3.2073868247989954,-17.022409185370048,-0.7709283608178051,16.615814854268358,-8.480271519707683,-6.06268380118618,2.88791988085387
5,0.1,0,-8.180392917971918,-14.262996538985618,-10.490654032083603,0.8382800024496546,11.033456849387333,-2.350799140609356,-24.23144504298131,-4.474914121062921,18.16540719202583,-9.826886857031655,-9.636204197104178,2.928226748136819
6,0.12,0,-12.049999879975854,-18.08280971439287,-13.708012933070817,0.6567091884009446,11.592886908451812,-1.3693259297576768,-29.523287781705015,-6.608436406437709,18.95229962592466,-11.353974575247582,-12.946915562346188,3.5414515905477306
7,0.14,0,-14.098262621488665,-20.36445831229772,-14.796242214093207,1.2873795612516852,11.840868025326527,-1.0099189210323727,-31.52396630281764,-7.185357299306122,18.780872123041096,-12.912019272102945,-14.956826791669377,4.495712047085609
8,0.16,0,-13.924880830728831,-21.05074035217497,-13.673378751336974,2.8732977265013417,11.1455043951741,-0.5696785444706719,-29.68946969930601,-5.302445326749679,17.002692136783516,-14.385397797780477,-16.538082178871736,6.007900134513977
9,0.18,0,-11.987997984011418,-19.336463615792027,-10.371970957518169,5.2336337321827395,9.237981970377632,-0.9993734291189904,-26.402760472581072,1.0255539710944723,14.423139715586675,-15.826531854160026,-16.42662715199547,6.754719421665518
10,0.2,0,-8.089727279381878,-15.169739156024308,-8.274162023766085,6.822552591633854,8.474116665491856,-2.9878925059617,-21.82948095529939,11.7315901212482,10.719944336294578,-18.01054289787955,-11.941839565600471,5.798574046360127
11,0.22,0,-3.212216835759252,-10.0604887181562,-7.569591298612481,8.777390725018762,7.4707029660353905,-3.8522932862315993,-15.178988939707796,20.341411546490807,9.240822475298712,-19.99992257855768,-10.790519827214673,4.460159631795224
12,0.24,0,1.5972614019137554,-3.2820463419559354,-6.859677657980635,11.659539309467382,6.927629929372622,-3.3556119616286155,-8.340593297407276,28.643511605283184,7.279455107954095,-19.999931116294142,-10.573517887094198,6.662532358437856
13,0.26,0,5.7951691970588755,3.566649439056377,-6.783492874204667,13.586536311134848,6.532639662783962,-3.407742099808268,-2.618676811979729,35.36967016404747,5.881113894271969,-19.99992428610497,-10.509916019316686,9.443079744548422
14,0.28,0,9.744770053961531,8.822249699940112,-7.328803224707436,14.230265418709271,6.1533148619435485,-4.293895751924189,1.7770621831112272,38.73636261350055,5.288582604055493,-19.93317967753561,-10.603996752491733,11.332424474642545
15,0.3,0,13.62062151641415,12.152509066586699,-8.203585679072344,14.021175398968609,5.702067742256078,-5.721753201217701,5.066951076338218,39.17064994659206,5.43984738850918,-19.314086208523776,-10.765446202771557,12.393906734875166
16,0.32,0,17.034049535263044,13.647728829682638,-9.18050251341739,13.451575188229981,5.172435664106248,-7.151354910070506,7.000626295466664,37.45533331390798,6.414210585878288,-18.14162447333585,-10.939275370922028,13.031492087291163
17,0.34,0,19.42062179165034,13.527128179507724,-10.178450353990552,12.814974236828112,4.6587828135196645,-7.927996937572438,7.083662612753802,34.20180685371825,8.183830210671728,-16.620117873445466,-11.323978945733826,13.695030451005916
18,0.36,0,20.10300891615339,11.954342226876179,-11.178980859843625,12.024635118719365,4.308893139794244,-7.53982448043592,4.336936188979024,29.560648916464984,11.109857637895804,-14.075057053783548,-11.634892571847391,14.567757018430648
19,0.38,0,18.44045549480766,8.485813364445502,-12.058998654207347,10.872472705744718,4.755624223779867,-6.351696425726099,-2.761403646527489,24.650087827778904,14.49826155117306,-10.86718784687442,-11.797712328829448,14.106328221124805
20,0.4,0,14.523855977540391,3.0237458764623897,-12.777547361497382,10.340073120320563,5.392608519548903,-5.324286137281264,-12.000614197182077,18.56654249443339,19.79535329027392,-9.195727858850995,-10.141290709811097,12.178398044861986
21,0.42,0,7.562647557547517,-2.7627101336496653,-14.58399920827694,9.223592469343707,4.783931089021339,-4.425782862815726,-22.730345340783636,11.372346076567624,19.99999941818584,-8.08996377468189,-11.158980358406534,10.777982161219468
22,0.44,0,-0.4640428921281076,-7.377133643274447,-16.01548220735926,8.287857406825607,4.637862797865561,-3.69502604615794,-32.21721342810101,5.162999757767876,20.000001125733135,-7.310868855494276,-12.791412645512507,10.142562832544012
23,0.46,0,-7.018635369873872,-11.359561669988652,-16.149698839644593,7.826584850097027,5.764945609981569,-3.150953240555411,-37.77096660073802,0.3462335214874798,19.99999941818584,-6.6769760740983175,-13.756032578030592,10.180799939065036
24,0.48,0,-11.364948127922855,-15.183833251376628,-15.224816093943998,7.620360948486832,7.696278501111524,-2.731790721050664,-39.591990656111804,-3.137863609897905,19.73337273865064,-6.847226223123702,-14.135603265681125,10.240617028268716
25,0.5,0,-13.547157709248786,-18.598287506148317,-13.865903001019417,7.552538023802252,9.661697024407605,-2.4667874921038084,-38.56968892227931,-5.151058025777755,18.863392761045898,-7.569624595784685,-14.26274126066539,10.276253540263257
26,0.52,0,-13.901745272462705,-21.059788645277944,-12.408754712357128,7.62014750507527,10.880971168619507,-2.4161183740763037,-35.553887196151884,-5.3067999992323855,17.343667132981597,-8.560313652817415,-14.673353450546339,10.170466716624453
27,0.54,0,-12.788927310428269,-21.686839284672843,-10.542781182055494,8.06100462637468,10.73019815778606,-2.7450972102143183,-31.20143794002047,-2.5459282536865118,14.745128493439417,-9.351446780417177,-15.616397669249999,10.319750746218837
28,0.56,0,-10.202155379278727,-20.1811087142179,-8.168174563320413,9.047866216151267,9.740327869680083,-3.086352244168373,-26.93933671868269,4.088975135784997,11.024416240247175,-12.159664543515932,-15.246853699301044,9.969600244644488
29,0.58,0,-5.580495497671729,-16.525420715697827,-7.388001328017584,10.055436085717684,9.175139961145284,-3.69503287634711,-21.5242449239334,13.323680749795138,7.06045789882233,-18.305064069985082,-12.385443276719874,8.100968916982072
30,0.6,0,0.009545013441030946,-10.14879538016165,-7.588020002766822,11.868654088643785,8.40277107074284,-3.3922749229893627,-14.460036397483085,23.796206606047882,5.659645437321129,-19.99989696534829,-12.255002031498263,8.754358473363832
31,0.62,0,4.552011161979909,-1.6413659610969376,-7.546851891318217,14.090565852067707,7.755915444075844,-2.9338247284918793,-7.833154638304934,33.90252162466663,4.250447211066445,-19.999890135159124,-12.047963629829544,11.218284329648817
32,0.64,0,8.484266326598494,6.1254318953174405,-7.874116990304793,15.213920234670535,7.14535202756371,-3.3260404441736338,-2.545563905782974,40.859055633946284,3.508019308664399,-19.999900380442877,-11.964458590810615,13.150397143004623
33,0.66,0,12.44879157372445,11.912908591823589,-8.485113270055576,15.144764569324156,6.491202185749963,-4.529735353775559,1.5889327332728653,44.347403997801045,3.4708944557610293,-19.99989696534829,-11.967638897642901,14.147650865603381
34,0.68,0,16.46216804134163,15.645490860019668,-9.158338549560698,14.391459590668864,5.788347972512149,-6.2285340277256065,4.856288405541161,44.9817304962093,4.042624191416821,-19.724725719161402,-11.98419356864372,14.412797101635984
35,0.7000000000000001,0,20.152502174426594,17.576395583666027,-9.775689466560532,13.439566008121806,5.103210843094523,-7.953008236539378,6.924893157949563,43.745575539463715,5.3782839053120925,-18.855261420838996,-11.967239331576456,14.41768580953442
36,0.72,0,23.01228018179613,17.906648890414484,-10.306001575419602,12.63712550235109,4.483802331607223,-9.128726264414109,7.380643506734187,40.992114549167304,7.588845601882747,-17.429119629687627,-11.907301860288655,14.53293500649463
37,0.74,0,24.462874050176147,16.820242416126842,-10.80920893233112,11.966496548504217,3.9677093959396514,-9.223843478795706,5.591469904120647,36.7263062426575,10.817349664048129,-15.21072541368626,-11.791012767027311,15.155749221056828
38,0.76,0,24.049370982728988,14.481993748117384,-11.543179352993398,10.76006315993194,3.730692013343277,-7.871209891039306,0.5229142135751516,31.652773425280326,14.776779590053255,-12.419595076343585,-10.876785116431934,16.1503579528995
39,0.78,0,21.369571875083874,9.839964961744938,-11.884903108679245,9.831631277183876,4.6975919483836766,-6.96591399344419,-8.740346340281551,26.746081638759055,18.204081430653737,-9.081375124219349,-10.351631507943518,14.120535014598431
40,0.8,0,16.028112934681904,3.895968503992423,-12.434784563284046,9.015905199703838,5.851330000622482,-5.854538481985096,-20.15351474997105,20.32864421538476,20.000001125733135,-7.991819932724329,-8.933476769252831,12.463561004030957
41,0.8200000000000001,0,7.123515059013534,-1.153313513293207,-13.423830106047744,7.87630862725472,6.447059953804641,-5.013247860215347,-31.613397384715203,13.07527018477636,20.000001125733135,-7.0141142115301465,-9.893647687300298,11.393926913023925
42,0.84,0,-4.0845905812246714,-4.812050550947458,-13.80704896848871,6.802231071305773,7.791290701334633,-4.633452203209026,-43.0730887741626,6.957195256968669,19.99999941818584,-5.197355182406217,-11.051669548809173,10.64553369415552
43,0.86,0,-13.412182072191932,-7.453701771417583,-13.246155541394556,5.953977498564019,10.57295695780861,-4.264184855921457,-45.00000808242825,1.4378236557879132,19.99999941818584,-4.127298473444292,-11.75801356182604,10.164114640696342
44,0.88,0,-21.775969838246926,-10.52606600160918,-11.162305806758685,5.694065748756585,14.913197250798628,-4.055284800817086,-45.00000466733367,-3.062471981839304,19.99999941818584,-3.427647405483801,-11.570602562510999,9.641461735217796
45,0.9,0,-28.958919495870617,-14.676010394133472,-7.970216044379579,6.038881872589155,20.716088403601027,-3.735688723607965,-45.00000808242825,-7.546979957365154,19.99999941818584,-3.1756383979894833,-10.975104835760622,9.126752339743975
46,0.92,0,-35.26815989260274,-19.275328300078538,-4.729218285561775,6.729699584962115,27.252412099668565,-3.503216191573999,-45.00000466733367,-12.098583015542156,19.99999941818584,-3.1887973977557476,-10.284027149312378,8.805233991170319
47,0.9400000000000001,0,-40.905784373152926,-23.978091128550737,-2.4145378256136802,7.413273881720277,33.57244931793119,-3.471791131533005,-45.00000466733367,-16.108756978212245,19.99999941818584,-3.662269739559028,-9.90725000903238,8.537349703054186
48,0.96,0,-45.0002710447113,-29.345019844367684,-1.4496694449645366,7.731755357434216,39.16810911622081,-3.5696724380943423,-44.999871478644856,-19.174866462671403,20.000001125733135,-5.166527977361011,-10.16170529146662,8.531643933776287
49,0.98,0,-45.0002471390492,-36.628928235660624,-1.9501600941336834,7.113356860170432,44.40146152998711,-3.6881693900048935,-45.00000125223908,-22.156901441089584,20.000001125733135,-7.80526270705554,-10.81487628179494,9.414427100980218
50,1.0,0,-45.0000900446983,-42.69891735105096,-3.5620305236301557,6.404352488471844,44.9999978371445,-4.18933195903364,-44.999960271104065,-23.80068208750153,17.325082188249993,-10.621119182967309,-12.460458390600477,10.974543906475034
51,1.02,0,-45.00018908244126,-45.001435591964785,-4.093147100707405,5.6243683640316595,44.17407770232822,-4.193777558409672,-44.999984176766155,-22.422230384682486,11.867804583865764,-14.608622040234835,-14.537448053988717,12.66428660335929
52,1.04,0,-43.813897921731346,-44.99999100695533,-2.8607628352704877,6.54260618944348,39.508703329372665,-4.304918823470943,-45.000018327712006,-18.81284765364051,7.26331878603994,-17.159955534875767,-15.209355960757673,13.421721285141501
53,1.06,0,-39.07629088320833,-44.99973145976687,0.7201542819926642,10.223425442127793,30.840872253735494,-7.028027306869463,-41.88564672657754,-13.516819716502882,7.285008051749315,-16.978938446397503,-14.560435055640395,10.244261787964563
54,1.08,0,-34.224558213843565,-44.9991099125524,4.444616682565214,14.016555629768742,28.315153676029404,-13.378343607496397,-41.00345949337869,-6.2944223013277805,4.687556692945635,-13.982747047150825,-15.2416934913831,4.512031076560063
55,1.1,0,-29.32964850364057,-45.00064670511565,6.595916242802252,17.34695586906696,26.755372403577567,-16.900020733179883,-40.563561159884024,-0.2646978981466146,5.0668644183131235,-16.43942521895278,-16.53753917883272,-2.5872547401464967
56,1.12,0,-22.60541776576952,-44.992013346004754,6.739082130447597,20.00061755030573,25.010153202707173,-15.286835919155006,-37.0282142643504,5.049738572742963,5.7907300009851905,-19.849919671553153,-17.12775631558103,-3.9555601969534915
57,1.1400000000000001,0,-15.002063134542372,-44.30784012703375,5.036530267548628,20.000609012569267,24.450513115325716,-11.152430206992493,-29.998795306437547,8.731753962305675,5.173501173616771,-19.768616514767906,-17.20622323631343,-0.42381790707391914
58,1.16,0,-8.559149105563929,-41.123722049189695,2.7514627330773584,20.00031189934037,23.917459539288533,-6.677558774611884,-20.582389158145318,11.377347482587366,3.445986036518462,-18.261344029107832,-17.744448973099605,4.132650780432643
59,1.18,0,-3.7549549797092783,-35.94239177123679,1.299296533806065,20.000083088003176,23.352888055326325,-2.9453263401673575,-12.953615124148325,14.11078918842647,1.8879473160786224,-16.431642218393552,-17.6553235421674,7.771477176326072
60,1.2,0,-0.13279068355374996,-29.881394599888782,0.25903796584134836,20.000062597435665,23.13276130366057,-0.6046495932688133,-7.645785473898559,16.467888324771515,0.7782165995490319,-14.430695612356002,-17.442166998549645,10.552655074274394
61,1.22,0,3.0028326909974568,-23.083252677461733,-1.0487048972862305,19.98295297356478,23.062162760852026,0.42152974034111196,-3.243946692991958,18.372841744666413,0.05192897443436152,-12.529086423833474,-17.77394172993572,12.520128630737002
62,1.24,0,6.016747790810083,-15.562705552184529,-3.0434225842441385,19.361728485531906,22.854871642184015,0.3629984876095406,0.8520211157601038,20.06403244165471,-0.15080569435584204,-10.913626303041337,-17.35836911517005,13.793479943928833
63,1.26,0,9.121678362964301,-8.41684979816953,-5.414946226342606,18.060577448644477,22.62973153166747,-0.7533380090232307,4.557841582210162,20.97587294113517,-0.07746325645037734,-9.440188013208568,-16.929752546636948,14.619099550421634
64,1.28,1,12.191212333518575,-3.0626625868058297,-7.99042145149177,16.06046412568567,22.284311789867,-2.6194328285434847,7.2941545288216085,19.957510518906485,0.6171733320814135,-7.685210179561518,-16.47383912708589,15.19009653484553
65,1.3,1,13.818863488205539,-0.5033717083384228,-10.391074996626696,13.291029030467893,21.302832389156386,-3.6913027392866367,6.62297702540702,17.218666133433903,2.8264631193625642,-7.276637654921465,-16.087349457806134,15.904979991872207
66,1.32,1,13.480268812933204,-0.300521253167553,-12.254436833344444,9.782681872723332,19.95477844323848,-3.183958208728794,1.5487516908810324,14.230454102685092,6.619462466192225,-7.508757364996116,-16.289487198745366,15.262173813609381
67,1.34,1,10.940098408717013,-2.552237640932311,-12.65941497093378,7.6098595326379375,18.85688700586146,-2.686099530267629,-6.937759953685397,12.79250547577971,10.59694116707911,-4.837574540988972,-16.368994015778902,11.63337114720977
68,1.36,1,7.6006498763158215,-5.551155993205116,-13.269443071369713,6.093008560440567,15.456251931328001,-2.4522735535609432,-15.296415259465949,10.365095518344905,16.56446890718279,-3.894693393051746,-14.47587902126293,8.884396737424412
69,1.3800000000000001,1,2.1202907148485926,-9.052958122177511,-14.153731441511985,5.488221776418972,10.916286661723056,-2.2250816115290437,-25.29106010024958,6.605426854334672,20.000001125733135,-4.159886586634892,-14.550661054938107,7.5575163779335455
70,1.4000000000000001,1,-4.43520937764399,-12.321881536303735,-14.81178943219145,5.624314576291946,8.362892157500076,-1.979266304951458,-33.841831978796485,2.6253456379306,19.99999941818584,-4.218934425783298,-15.277797871335787,7.6135606413944386
71,1.42,1,-9.126086396299899,-15.414020871689813,-14.615944003025088,6.197188582077126,8.064143952071948,-1.7170386941285667,-37.35595064638971,-0.3567130860671157,19.402545696011902,-4.8634844367185925,-15.841607789205536,8.141078349109325
72,1.44,1,-11.235867797893368,-18.116282763967806,-13.716117806294683,6.813533326834852,8.776773446672522,-1.4361476981203212,-36.373359632391676,-1.6304728765878251,18.09615419648378,-6.448436236922398,-16.00303418759691,8.568295582636223
73,1.46,1,-11.359670099241727,-19.626587853619366,-12.364927949774096,7.433257307684442,9.102214885150703,-1.1540276949482966,-32.4404069347041,-0.35558362357440415,15.89996834056871,-9.270620883100184,-16.378672393832808,8.8418975928613
74,1.48,1,-10.044865514203442,-19.146830243675794,-10.194766822144066,8.247257908625405,8.530469995012691,-1.016183912048567,-27.709828160837024,4.6191617399180664,13.030791992901237,-13.397793424931654,-17.072928679566047,8.888020152779104
75,1.5,1,-5.346696841721723,-15.39300779470827,-10.72873820485097,8.471725245508704,8.173262200478426,-2.462347655699889,-22.307539555686922,14.382194439059742,11.506387685255477,-17.875218067401377,-18.40818968116852,8.030527468524438
76,1.52,1,0.3960688228277143,-9.489004228980294,-10.75692212668738,10.224408989368275,6.862913460099929,-2.9886056203997318,-15.006473729198907,24.711523671815876,10.207441091922671,-19.999978927618333,-17.911097051111454,8.290344449457137
77,1.54,1,5.336625300903716,-1.3437055700158416,-9.994727656827317,12.978831328790365,5.939520549412041,-2.847446741153313,-7.974542115445136,34.360079412260376,8.233675223687188,-19.999844031382224,-16.885492920815267,10.730948624821114
78,1.56,1,9.538475289138697,6.842333673243857,-9.380911362722966,14.750876097625984,5.2333942486749665,-3.4433875764260953,-2.19062202650586,41.565044477126314,6.919669343894973,-19.999883304969952,-15.966185317024692,12.786435998928507
79,1.58,1,13.623301511889734,13.115918348074398,-9.037638007869171,15.12469235090078,4.55276504410955,-4.8986424085844105,2.3351656913728434,44.99994319563114,6.37437649575195,-19.999900380442877,-15.177990024541682,13.847339400628968
80,1.6,1,17.789661410310504,17.182472961022004,-8.821445445165343,14.581675236411842,3.9843703617594284,-6.829870712442699,5.804182912329177,44.999861233361095,6.5510542796731395,-19.999900380442877,-14.381738523932643,14.058262472388133
81,1.62,1,21.961812455373803,19.712771180566588,-8.70248660171217,13.571671258179961,3.4912938829343303,-8.895616176909805,8.056567564735111,44.413851493141514,7.574189723471193,-19.154391263087,-13.613378100799352,14.238669112709326
82,1.6400000000000001,1,25.256927937419732,20.56814650617855,-8.532306462125778,12.557464152287585,3.11378719307361,-10.397304982923393,8.798163037832062,42.173006445338316,9.361709993418767,-17.45977693377723,-12.745053590294692,14.685480451417696
83,1.6600000000000001,1,26.880129223862433,19.727353634444565,-8.688418973342882,11.40345161182151,3.171421609950647,-10.625622838951287,7.062090740920786,38.30721841285406,10.853433553433307,-14.760648390780979,-12.045036039996548,15.767790519750625
84,1.68,1,26.724124288124756,17.59285121692388,-9.624420413238614,9.251349504356993,3.29153582259061,-9.263181099546747,2.0324845776432587,34.02620610525181,13.712321074889802,-11.660507488782232,-11.008145875870557,17.169225809126765
85,1.7,1,24.376528506236138,13.223462237877188,-10.35162211643341,6.953138551488505,4.734203896769061,-8.200986792093154,-7.106557406851684,29.05437480461613,16.915193998421067,-8.63087121449094,-9.663164661305512,15.435816005331324
86,1.72,1,20.8824342457421,7.584435860999858,-11.75790684012026,6.398414065875341,4.401079776135083,-7.517143983523246,-13.947713299350537,22.820145252896378,20.000001125733135,-6.087075260485942,-7.691355642267237,13.419098492500217
87,1.74,1,14.575796151083754,1.8834016117425674,-14.631359739981807,5.971556271053516,1.994708295447799,-6.5463175434837355,-21.419824991902242,15.444744770123823,19.99999941818584,-5.288912587569769,-9.42487643663669,13.389099447891875
88,1.76,1,7.293909495785134,-2.6805675039267416,-16.839071540121274,5.887880477305337,0.8664529853112234,-5.92268157178702,-28.58041773282519,9.201632557388471,19.812355338665373,-4.303706464893265,-11.510472992152792,13.343297053091415
89,1.78,1,1.2787164267848758,-6.296608815635831,-17.408593203684447,6.364108160108482,1.5302991877863024,-5.584302047473542,-32.33819656886944,4.682428501539425,19.108536788094117,-3.279297617701828,-12.921952074703437,13.15544294525397
90,1.8,1,-2.870475150826834,-9.594433321461318,-16.628740987272607,7.351336872552955,3.110562276568306,-5.136986982313882,-32.93713927228245,1.4783359623544916,17.96740513062904,-3.4029784697490078,-13.866504057666377,13.494101653549773
91,1.82,1,-4.971762571857158,-12.422740378456375,-15.07915206460972,8.598005197978486,4.7341202269517275,-4.584756796408243,-30.989589377628768,-0.38681474359556683,16.626401647481877,-4.412998883123579,-14.472675662542194,13.690425195958035
92,1.84,1,-5.268612838469668,-14.150101195968123,-13.272105137598725,9.886335116020154,5.689031899338286,-4.019066868969447,-27.009682544491945,-0.3416295737804946,14.940036479142194,-6.392277140906084,-14.942831734060022,13.838928876439745
93,1.86,1,-4.108693038145177,-13.628225224507666,-11.022934942970927,11.197581172500861,5.459118767252371,-3.888225203907744,-21.754861138617002,3.5049519133968285,12.403832707286487,-8.767381082790108,-15.330950403456825,13.755907073304593
94,1.8800000000000001,1,-0.8001937470597529,-10.343963766826532,-9.57337328692923,11.665234833461525,5.175905400204615,-4.72854850013629,-16.757642024836382,11.923170951051533,8.396779287293446,-11.72641283785733,-12.904587172512326,12.89315428961537
95,1.9000000000000001,1,3.4772087522052946,-5.736829136263212,-8.872520746005053,12.487712552936122,4.399776917550903,-5.0276877338944,-11.385363563352023,20.928017220715475,7.771614633883119,-17.925356778551148,-10.761573485512159,11.613381744830082
96,1.92,1,7.693219430137004,0.5333855339030158,-8.079166953151391,14.105677645606361,3.8250416852168945,-4.706942477357424,-6.035164115246553,29.762948874397008,7.305181869236594,-19.99986110685515,-10.125502727544612,12.402176386412759
97,1.94,1,11.279751763310701,7.10229451503595,-7.59113627657564,14.985896076776951,3.3856099390198997,-4.916865780176828,-1.3911808275544248,36.58770462892502,6.887741624619748,-19.999914040821217,-9.70826525416875,13.67046652942961
98,1.96,1,14.64933679787728,11.959458038564518,-7.553600118218189,14.77773069389518,3.023430833986923,-5.8526452389245325,2.125572585511128,39.656535943768425,6.923611643706539,-19.842181067223528,-9.532446793422514,14.35635924852417
99,1.98,1,17.855425886733972,14.41799316804707,-7.724650253150111,13.93390265684877,2.7337388190679985,-7.128329488604746,4.250028861979781,39.28532882275657,7.619566938995819,-19.002453705000065,-9.508675173789932,14.5381805917772
100,2.0,1,20.3511155377541,14.757021560331701,-8.050141210499776,12.906649035868023,2.568078557164863,-8.0005728201457,4.54592162144802,36.51957690704872,8.908643055204312,-17.388973485293587,-9.75942507859944,14.851549670897386
101,2.02,1,21.192654607654912,13.361449988358016,-8.797188028328042,11.505126661579965,2.6607200414157424,-7.678088853578134,1.8901139801493974,32.01785386660668,10.848099175691527,-14.46734640744229,-10.111481202952223,15.792415059255813
102,2.04,1,19.527951384267922,9.871378709285118,-9.572140437784043,9.831551876234775,3.3012481381469567,-6.3199368998591865,-5.219130252367041,26.798877293495963,14.361888286657294,-11.985701332903,-9.671056944891461,15.283197135874682
103,2.06,1,15.667202323843846,4.35923334152453,-10.516450802805096,9.469720897406056,3.956062215857487,-5.245272801415265,-13.543561614650773,20.29328261850431,19.29270600887434,-10.560918749396464,-8.229624921509371,12.483654566795488
104,2.08,1,9.259265693605037,-1.2715095099934546,-13.094244450290654,8.716917083881114,3.286698127667537,-4.591468311041426,-22.607135558345778,12.972714894388618,20.000001125733135,-8.65328618779963,-9.522671085172934,12.201179287064917
105,2.1,1,1.9363330164892274,-5.77029236744122,-15.43426384484244,7.990389861866858,2.9741794070990184,-4.064893596318824,-30.72332128302499,6.764849872865116,19.99999941818584,-7.132826741286377,-11.368027689464883,11.90043325130456
106,2.12,1,-4.269266516663945,-9.529371500748717,-16.2458849786313,7.850738960323131,3.9591379354181084,-3.583103151323526,-35.550164743054225,2.0107295713631217,19.99999600309126,-6.340868441457514,-12.698349610523792,11.767446906843475
107,2.14,1,-8.455115932994525,-13.009283727204867,-15.697277354306705,8.159423383446335,5.782664401349051,-3.133371906744975,-36.983404808300534,-1.388059964712258,19.55931561293662,-6.345474977165864,-13.441475045994824,11.739654867110692
108,2.16,1,-10.602005752348674,-16.1308833760285,-14.508844929291996,8.692117520778444,7.640296563126807,-2.684209275414828,-35.829505819729405,-3.456150852107322,18.592420373651276,-7.156481393929424,-13.846622230766117,11.746243438338816
109,2.18,1,-11.046770595626981,-18.424115974765698,-13.134873830568475,9.332617656422745,8.807065335641528,-2.21640214864125,-32.885260570441616,-3.9433930687207597,17.25031723004774,-8.811002085924393,-14.296235654581485,11.731329720286093
110,2.2,1,-10.158384965756346,-19.098904513817107,-11.61674390544902,10.052864519495174,8.7976874859111,-1.7968261892483053,-28.403184569147115,-1.9001396306339182,15.063509223863099,-11.616449353541064,-14.935882016579534,11.692039057085594
111,2.22,1,-7.760292741560176,-17.436135941512525,-9.803285992128323,10.910932647187414,7.793690659054246,-1.7882901603330819,-23.416128776851476,4.194416181097068,11.89314714700745,-15.294630872545282,-14.715548651691384,11.022614777853583
112,2.24,1,-3.064316346358619,-13.078435123683015,-9.541979176182913,11.34265268292464,6.8623751558159665,-3.143667563145123,-17.849662914621774,14.580952943907112,10.274251441062797,-19.999953314408945,-11.988617823678595,9.167654927588597
113,2.2600000000000002,1,2.19134175768965,-6.469835646478871,-9.08724225671639,12.794986541995716,5.842326103749113,-3.579499799649521,-11.047719991921612,25.591914565263007,8.381533451292333,-19.9998491540241,-11.110456986995471,9.994641425689046
114,2.2800000000000002,1,6.718729874268251,2.1291759371851326,-8.595251777969324,14.288396304961603,5.162513533676336,-3.79014496808683,-4.353542513285441,35.78719621291577,6.548813977625375,-19.999879889875366,-10.737996526270921,12.02178949115641
115,2.3000000000000003,1,10.82004161235476,9.857158255433152,-8.331624405253402,14.81352942288251,4.6380015360830775,-4.752729931119074,0.9345983696298225,42.93794323615014,5.518789861162541,-19.999900380442877,-10.430255523026826,13.46518263260394
116,2.32,1,14.72788568087972,15.227758197928981,-8.17570313933306,14.483323927458244,4.170460146356895,-6.373533394276277,5.133104446657553,44.999926120158214,5.206060258503398,-19.999914040821217,-10.156955748672521,14.109821862885266
117,2.34,1,18.79099104829647,18.887750923173456,-8.155567741659862,13.659859245648581,3.8195890598251085,-8.348447161179145,8.26205978233047,44.999871478644856,5.673263553865665,-19.999917455915803,-9.865742949446211,14.143084030369582
118,2.36,1,22.8500700191975,21.26620208463761,-8.180102634932194,12.662658457015889,3.4704782411084816,-10.358109942371275,10.219241097487513,44.99027847795557,6.911967024945314,-19.32956000208844,-9.526419151479978,14.20004524672655
119,2.38,1,26.090687421855897,22.136566260383162,-8.128193197240096,11.852393115777277,3.1487989562025067,-11.845492917168272,10.888810518239389,43.49408114403467,8.882585883520713,-17.860085783295215,-9.137218750873373,14.493721182922295
120,2.4,1,27.9498580837442,21.54737706710494,-8.178138955545815,11.207272357159464,2.890636588596242,-12.225186548223865,9.639101051085909,40.23354349466193,11.769520723030219,-15.49172281123517,-8.875802651901244,15.30847737354019
121,2.42,1,28.099936122829597,19.699454019232356,-8.785792711471522,10.068931685743982,2.8452075063226068,-11.091960834723077,5.552438788108609,36.096754046479084,14.94892255525238,-12.521803734630948,-8.549042133139602,16.47488926867078
122,2.44,1,26.12135326368196,15.588535620078224,-9.751572068601217,8.609289524260992,4.036228146145927,-9.894972743999281,-2.66102419827722,31.59782796850216,17.37931047516531,-8.60896423650177,-7.71210490319209,15.39354054946353
123,2.46,1,22.70089356508254,9.868236822266912,-11.064355771418825,7.816075750285316,4.478332630742512,-8.901055568810074,-10.605805898848141,25.32960968792513,20.000001125733135,-5.39931789974797,-6.066146707095377,12.64480348875183
124,2.48,1,15.99246105476173,3.7250370435973297,-13.61888152572309,7.16096584000636,2.8429089342234857,-7.79719283855117,-20.228303613835397,17.600910840144497,20.000001125733135,-3.92536734572745,-8.100396034865437,11.178099765440694
125,2.5,1,7.607988914579001,-1.3911972626971152,-15.959925448650376,6.829091643990495,1.8208330235204309,-6.980049496818355,-30.43332511124459,10.619402244164698,19.99999941818584,-3.127170308422015,-10.63564870287922,10.519965788906713
126,2.52,1,0.03450643251696846,-5.634457834096238,-17.038422563879145,6.995035785631009,2.403511979302576,-6.315040934884757,-37.5634039820505,5.0279857008969415,20.000001125733135,-2.7884082935150154,-12.407603825481981,10.378683325925
127,2.54,1,-6.056506321968727,-9.605626293963677,-16.740686080221824,7.507083114875817,4.081776543286626,-5.689229547937392,-41.49789688739592,0.5161453360251103,19.99999771063855,-2.9938693483722845,-13.549497902813162,10.292167881029387
128,2.56,1,-10.520249241757268,-13.443219305554116,-15.594957705445328,8.146141226831597,6.302002530646026,-5.170573583783774,-43.08771220917559,-3.0574494449218177,19.868108465312897,-3.1658398512948653,-14.06270465666958,10.163037178354772
129,2.58,1,-13.419746506697722,-17.051806319557784,-14.185543901344966,8.805820533665292,8.571998398940016,-4.662284139242942,-42.88121851509318,-5.700279086467181,19.286166102744055,-3.8409829198528813,-14.212471922147742,10.093085795970087
130,2.6,1,-14.898802627122826,-20.107093369277056,-12.915950899743935,9.437830744171267,10.420559215726348,-4.187012682923598,-41.368553595083384,-7.226926684368466,18.30559511719305,-4.845103117001619,-14.23805781077861,10.218363418179168
131,2.62,1,-15.048199354838514,-22.27844465736996,-11.877939730820417,10.054405580926657,11.526028747987496,-3.8998399405913506,-38.79516371206519,-7.351207098958725,17.00988603352683,-5.703049155062445,-14.452398538443719,10.499805631797773
132,2.64,1,-14.032879781885072,-23.31054942020871,-10.832430721735518,10.800113681677603,11.682696212074664,-3.655512974922593,-35.14356358176337,-5.762923447100422,15.12407080368631,-7.288062853855603,-15.06090350669474,10.924926851023123
133,2.66,1,-12.130821508424615,-22.588620623053163,-9.212370468537378,11.910189322760278,10.481574149355717,-3.3914220031167575,-30.634825937043722,-1.292643182502532,12.292632958730449,-10.297369923855998,-15.83956385509641,11.528625927419393
134,2.68,1,-8.2232293031253,-19.650380817593106,-7.778568620231837,12.749578590619825,9.256676198135958,-4.156272562790309,-25.570592422221523,7.572929553569325,8.083881491225993,-13.09806508735763,-14.124973783785293,11.195835205394276
135,2.7,1,-3.204222739665987,-15.41279143763921,-7.0951748965998584,13.543247425948953,8.498409940822297,-4.231546370085727,-19.524471402885798,16.67004143363638,4.735043156263326,-18.976936118260898,-11.474657187692538,9.468124340687565
136,2.72,1,1.8707668289951016,-8.74023961857577,-6.604050571216915,15.03534323127326,7.647553639119946,-3.254401151290309,-12.951738529673863,26.01607443536268,3.427843346535616,-19.999866229497027,-9.652769967162397,10.78063739725931
137,2.74,1,6.020151359450864,-0.7477930159950911,-6.472480637234959,16.10068369461329,6.962732405951433,-2.7264785414236865,-7.090187150958457,34.46463936316952,2.8932822196825643,-19.999898672895583,-8.713120352476233,13.054183683261238
138,2.7600000000000002,1,9.784671165319098,6.131326775457985,-6.788446042013395,16.033020425600558,6.430207742688103,-3.196620525676351,-2.373781233062568,39.66630652937613,2.7482681255364967,-19.999893550253706,-8.29704742635386,14.54558110174291
139,2.7800000000000002,1,13.611569808216592,10.904693269380607,-7.25646725252877,15.095735763914512,5.933229091412812,-4.524254553853447,1.3444577445981891,41.470740055255945,3.1527220461070327,-19.580781189950677,-7.94803329750267,15.08971153706656
140,2.8000000000000003,1,17.210869472496334,13.549152978260075,-7.760552288748636,13.789783104040563,5.465653977627603,-6.163715532502185,3.860834010901877,40.67880694174965,4.07440506162489,-18.522185538416032,-7.739566532523773,15.142565248411412
141,2.82,1,20.039911628600812,14.294684347866246,-8.262386777636983,12.510007144160689,5.172351994288916,-7.446141605780024,4.671275229511617,38.08778834048365,5.243934511224765,-16.943196066470826,-7.6213581561056545,15.255816615039393
142,2.84,1,21.487167242023983,13.521185914929813,-8.875187934875942,11.268051649262468,4.8838904806376515,-7.689698467619863,3.0702428161240745,33.9419796275018,8.184948654148318,-14.450730264738942,-7.947604703132252,15.871498404560805
143,2.86,1,20.908250653257458,11.242289883260472,-9.660113274293808,9.74733735131581,4.834039918093491,-6.651251447249934,-2.4481073516106466,29.08707092017298,12.538997028319162,-11.173347661325657,-9.111716532059837,16.339525164604883
144,2.88,1,18.048979787433794,6.615477050811522,-10.119502406358757,8.833203615821521,5.84490962280267,-6.083188029074559,-12.197740286817815,24.07635535259242,16.71503359724655,-6.647737741808785,-9.561354715310948,14.071869062988444
145,2.9,1,13.830945239073646,1.3887410626385552,-11.407174918692812,8.124193267707408,5.269827758368284,-5.370868027420752,-20.723080809763825,18.12565036841448,20.000001125733135,-4.871232432558326,-8.938296321485922,11.89490592071873
146,2.92,1,6.930780781014113,-3.509124945536295,-13.845009452348348,7.621166057035247,3.4144950224632953,-4.804800305143489,-30.05769885783974,11.955878165665785,19.99999941818584,-3.898264301327193,-10.716125406774895,11.437107368956747
147,2.94,1,-0.6316332160803007,-7.673383707013642,-15.675200475361931,7.475030744648239,3.01753339252544,-4.352007001382657,-38.12589055076857,6.5658062076198975,19.99999941818584,-3.074685854179168,-12.653836413929172,11.348117688034296
148,2.96,1,-6.83932967066952,-11.511321643157165,-16.09580010935673,7.754433293025952,4.2303391341499275,-3.931404379180095,-42.59630058896069,2.2667393621637744,19.99999941818584,-2.821858291201506,-13.883890304198646,11.482369325039128
149,2.98,1,-11.229660863485119,-15.329726092048102,-15.432979769278477,8.226909921314292,6.281664361731843,-3.491126970186488,-44.023861351912124,-1.0418762022200987,19.914698893188845,-3.2644746130990194,-14.48682098431329,11.54134544720125
150,3.0,1,-13.8526618255397,-18.928701322342267,-14.275531643659884,8.73517844840079,8.451502762923589,-3.0096466584681907,-43.164391327892744,-3.289118362511249,19.256384770415508,-4.451349541539554,-14.716381934770126,11.462473837760527
151,3.02,1,-14.895925409934959,-21.88884212937597,-13.041190955912581,9.241485857421848,10.106156216720551,-2.5056832849929154,-40.57626189664566,-4.1963798604834475,17.965019687061414,-6.402752089771945,-14.9424492434665,11.369650713166408
152,3.04,1,-14.544665856394127,-23.61102139462862,-11.775763515931612,9.782027882110304,10.66204226137944,-1.9927644662986959,-36.4584945253013,-3.125956455740457,16.00606166894652,-9.307551715942443,-15.565610090129077,11.272913036404224
153,3.06,1,-13.074190161113851,-23.414170220106975,-9.948046728944865,10.505442245410327,9.6980046024881,-1.4841763077033816,-31.43508163605368,1.0965390599213571,13.503867116515599,-13.395514703069809,-16.381969667654634,11.213602234972774
154,3.08,1,-9.140498095448626,-20.64085728498792,-9.450868721523175,10.505092198215364,8.805395354389459,-2.387588887356572,-26.45278136296766,9.783254754839968,11.743708584383095,-16.927712027622405,-14.870525643958974,11.16193100012798
155,3.1,1,-3.6656075676290487,-16.066252711007255,-9.198001458070962,11.940579395698604,7.531805838350325,-2.8512885091180338,-19.46807794600359,17.921914363209464,10.17507282544598,-19.999695474767776,-14.690215480059807,9.34115283156432
156,3.12,1,1.4995787044468776,-8.74955514283002,-8.090546902082279,14.532236619651997,6.632036844454219,-2.1622261553617665,-12.1501739956642,26.529093359016922,8.180755771771576,-19.99989696534829,-13.948332285244069,10.917087501403241
157,3.14,1,5.578241108358801,-0.6180301472962798,-7.340709098204416,16.12631227192647,6.071420040021449,-2.0852388243583215,-6.108565170048918,34.06314035318866,6.7173463340745005,-19.999900380442877,-13.322547792166562,12.81100248182575
158,3.16,1,9.406426388141194,6.018355019699151,-7.155260924502106,16.24207202552714,5.6336945604564885,-2.9624120583761444,-1.413500818544969,38.381336210632455,5.991299359736261,-19.99992257855768,-12.832894091889287,13.9092174994147
159,3.18,1,13.390489391387971,10.635424160410254,-7.309805053531046,15.326160733301354,5.226127354284896,-4.533480431874842,2.3528537468890605,39.66784673703396,5.894910022621748,-19.5042455052061,-12.398437711615824,14.33903959633631
160,3.2,1,17.164308072924356,13.229721252477859,-7.573040544143338,13.988952274011782,4.838376661329626,-6.300143865418136,4.9028630386046546,38.54873048681113,6.580528253489037,-18.300697871558153,-11.939506202225266,14.4574819067335
161,3.22,1,20.02834641078869,13.972115857707701,-7.895228251255656,12.619954406777676,4.493318919555167,-7.485905259580546,5.559887536285331,35.58470500968698,8.315510281454051,-16.5657188318009,-11.555377217077394,14.847743547982397
162,3.24,1,21.126727914238657,13.168691804696502,-8.31914564963979,11.144323626221334,4.255133147723897,-7.399306144867601,3.1366986357575946,31.250161094464755,11.513835152771732,-13.811100124440173,-11.386668129483494,15.701056156465015
163,3.2600000000000002,1,19.88139830589045,10.493258895478316,-9.176949961275337,8.880186779574746,4.657041542168134,-5.918475455918762,-3.6422999739732034,26.09234032763504,16.072755051097108,-11.655504375215196,-10.98462355814268,16.213395476296842
164,3.2800000000000002,1,16.59985270217804,5.703383407444952,-9.225654332699406,8.169135058672445,6.955321650701969,-5.451983780890647,-13.133967976729803,21.090056628584858,19.079619474695576,-10.177151764274603,-10.113196434207543,12.174273464376943
165,3.3000000000000003,1,12.311853111054864,0.7924407352998479,-10.830369712153466,7.653332832931422,6.61355520633381,-4.887870346489653,-20.27884018350432,14.87865527661858,20.000001125733135,-8.74462630757021,-9.21850824728028,12.214621953125148
166,3.3200000000000003,1,5.62024549109391,-3.604604159943903,-13.559944677148696,6.919256971223833,4.641222824050384,-4.351791423536978,-28.379676765571222,8.628618105838482,19.99999941818584,-7.407656051127941,-10.802087606347737,12.468327622297979
167,3.34,1,-1.0541535739749024,-7.29268518437641,-15.274898456033116,6.771403439373744,4.128434846167453,-3.9189900834767735,-34.7745455363805,3.4362116089293506,19.99999941818584,-6.347413043342855,-12.193450928019047,12.709894337768405
168,3.36,1,-6.2438861585456795,-10.705602646584843,-15.572424911373457,7.135508871196076,5.092831516877043,-3.598658480271407,-37.68265908495893,-0.5807654355974836,19.886975155347763,-5.834642994706495,-13.07160749583394,12.618210147218385
169,3.38,1,-9.663134779227892,-14.061049189569497,-14.93873191301072,7.8367012140314625,6.797312054442894,-3.262316700208119,-37.89877993067647,-3.5166426359349514,19.273463658435123,-6.03004104648222,-13.574353814976483,12.700154488011966
170,3.4,1,-11.433465170581837,-17.056746253874994,-13.930450849996976,8.629768992713629,8.48030823197447,-2.8633856279117724,-36.2427493399881,-5.259649068957672,18.176215966387378,-6.951222683426316,-13.87483774222744,12.749460769856643
171,3.42,1,-11.786383606317335,-19.17556484951404,-12.78436901293093,9.438307149865874,9.477198246999928,-2.418405847118023,-33.2334089728155,-5.473166331940972,16.73598349497827,-8.656903626738798,-14.322258675319233,12.708403648982049
172,3.44,1,-10.939511012448392,-19.684924499320445,-11.419261792202796,10.23049810301334,9.3746284424602,-2.092248519437459,-28.949920721639124,-3.2282445149769217,14.502832655275093,-11.18753481800542,-14.964411716742676,12.138599386341967
173,3.46,1,-8.620967440194422,-17.92821692026609,-10.316936708280792,10.545546554895703,8.859652669608748,-2.6537972178051112,-24.896305902074108,2.846975458100582,11.365029236419248,-13.21450359100707,-14.411289337376704,11.145475366870127
174,3.48,1,-3.870468846499826,-14.042554744844395,-10.600043780509589,11.035568231614514,7.976073785366512,-3.8305126667420746,-19.13892942235338,11.33595397489615,8.98331751340006,-17.723867905583067,-14.417349422717798,9.386075839509141
175,3.5,1,1.796768772970595,-7.547228405496213,-10.198993855466657,12.881388434996378,6.223463039153695,-3.9212269704299527,-11.912923959749222,21.629062714483705,7.266159290961019,-19.999992587996672,-13.9886406466309,10.366635726002743
176,3.52,1,6.35088662142263,0.4184889988195605,-9.41999114383284,14.703814386697303,4.628749617965472,-3.9285732657691246,-5.570128551172119,31.40111169021662,6.491708473522191,-19.999855984213273,-13.059899697822893,12.604166424511194
177,3.54,1,10.073335450211347,7.398870720308013,-8.785758560525673,15.514706397792263,3.816760507735077,-4.563577660452503,-0.5943790698303768,38.20520953759992,6.350629635555109,-19.999885012517243,-12.656871579241596,14.051359712458188
178,3.56,1,13.733656024535984,12.517388017332534,-8.372394658182856,15.168434589892835,3.239555735129286,-5.7776378090067455,3.337053697323456,41.68466499515533,6.371943667746956,-19.99989696534829,-11.976088695419854,14.51749707142311
179,3.58,1,17.334774226682242,15.60622751757585,-8.06704763624285,14.168754442591428,2.930017965246655,-7.41572848095325,6.200446155424398,42.2112520895958,6.731094224213267,-19.454152897833225,-11.203933248428974,14.540058893798955
180,3.6,1,20.43243406246498,16.782864205893947,-7.870575537220141,13.004259269296675,2.90751206504464,-8.938562698863551,7.62496022711919,40.56415197124723,7.403397428180439,-18.245062565673813,-10.494680428599326,14.539968393792451
181,3.62,1,22.45092400938571,16.42915090689379,-7.848947743213295,11.87751540531823,3.161958382855594,-9.689422469795979,7.1749156476124645,37.4639154466001,8.2210769397631,-16.368671289340618,-10.159961031907327,15.008369106693586
182,3.64,1,22.778079825345564,14.754767597905598,-8.136068405353122,10.478843781235005,3.8923856428859276,-9.220627313470276,4.008807497949264,33.34667058472724,8.84519572045677,-13.380797352955724,-9.9735489477584,16.06730626768673
183,3.66,1,21.240880865837077,11.680643740229074,-9.186672735558851,7.86215049887893,4.83106409004948,-7.295610212888468,-2.8564726226980732,28.515759747047266,10.935947361248939,-10.661674284937906,-9.230946875532519,17.142451467580315
184,3.68,1,17.75443812476075,7.2126182918309345,-9.754079601800258,6.456309310601307,6.506686224598383,-6.7206367777071545,-13.181202149935027,23.456751326940125,14.506502174406682,-6.334389153256111,-8.386365810130116,13.702555611923977
185,3.7,1,13.539700850222424,2.46827903466381,-10.615979465616874,6.420435022646285,5.817892809540685,-5.864165633620229,-20.79951916431273,17.41612519479168,19.150670517536636,-5.418842422377275,-7.408146970974536,11.15372196651927
186,3.72,1,7.456610578230362,-2.277490293360786,-13.146166694587446,6.306278229066454,3.5052381410117346,-5.306242911928207,-28.55027269292334,11.127563195771769,20.000001125733135,-4.216176310019083,-9.074894982244299,11.034717873062846
187,3.74,1,0.7644314635349478,-6.263021787279117,-15.18871171399131,6.468181460039259,2.6167829285889312,-4.868757342757842,-35.108534956604956,5.774388773395935,19.99999771063855,-3.427551355948598,-11.214110230292293,10.829265782828863
188,3.7600000000000002,1,-4.6526971149691825,-9.672735463879992,-15.823712693580102,7.1683185386478785,3.389088639741552,-4.432298863283918,-38.26633973067154,1.7292140399326434,19.75905766502447,-3.2783285846133325,-12.71667159297235,10.845147680196435
189,3.7800000000000002,1,-8.162058982692312,-12.88900238837365,-15.356508971331014,8.218385845230115,5.027746217389168,-3.966342504332003,-38.44730217763644,-1.1468600517446028,19.05069703865516,-3.7220983547069317,-13.594552391899503,11.16380588705515
190,3.8000000000000003,1,-9.835480088781178,-15.758207764345096,-14.35786872033074,9.405606765440792,6.749269784481494,-3.4487507690284365,-36.5304232474507,-2.863119677420965,17.937856024732273,-4.795029292648963,-14.09535296090224,11.635217859606612
191,3.8200000000000003,1,-9.975459693178712,-17.78855321211767,-13.183690900113849,10.628675933510282,7.865971135945906,-2.911696836571742,-33.192178535890726,-3.1019165377395392,16.532980027561738,-6.494622402976848,-14.565865056030555,12.386676979638708
192,3.84,1,-8.811282123680364,-18.21578154470197,-11.838958133679862,11.83612275140066,7.920993432352236,-2.4706853956857704,-28.467400300176283,-0.8414972883529951,14.274431983203511,-9.157270478729238,-15.165086089652236,13.45190815995202
193,3.86,1,-6.002092766172174,-16.331660201775613,-10.346904163264222,12.882001444474387,7.26656654099028,-2.526071399665404,-23.241504745436345,5.48009427819348,10.63950690598663,-12.924269216379363,-14.708305236076585,13.938589020393046
194,3.88,1,-1.1215133264563915,-12.15008947207322,-10.155633253294479,13.445457900054588,6.429532407733919,-3.462082444514655,-17.482830529773317,15.205551545389977,9.206140482240679,-19.61918905120095,-12.603011268767814,12.229935237244316
195,3.9,1,4.341161941641146,-5.217365075353416,-9.525059943835146,14.949206008102935,5.391738951090195,-3.684330396804523,-10.534597761656173,26.337829279236345,7.843726063592821,-19.999978927618333,-11.501447750938267,12.856509470944607
196,3.92,1,8.786814678526087,3.374795188242831,-8.982170041619499,15.941975711511581,4.744193048430204,-4.1116257506200515,-4.153900352714199,36.36183368816728,6.261995551356322,-19.999857691760564,-10.961020131918408,14.433373046510647
197,3.94,1,12.747338288572061,10.777443430048685,-8.59798129231639,15.811303947405483,4.18270283355732,-5.260040524174478,0.8548843524045143,42.77728694158768,5.447150141392393,-19.999891842706415,-10.548959088159771,15.219637103005835
198,3.96,1,16.590244333563124,15.81153446628997,-8.260984027536193,14.86048185078447,3.6903652958230526,-6.9226255351451185,4.683397534627921,44.99990221449612,5.393978399364313,-19.999900380442877,-10.151884333213786,15.277562229809421
199,3.98,1,20.42215462776411,18.898233556002133,-7.960330199329632,13.607153237144532,3.3756000833478343,-8.763282115514453,7.279227150390546,44.99985440317193,6.122353614435881,-19.75337324008773,-9.653346264373617,14.97425060424208
200,4.0,1,23.898034481289017,20.407102598380696,-7.698815916388184,12.403259825169853,3.180850472656438,-10.39671331778654,8.565910992842241,43.8966115125802,7.526704540813971,-18.62118400779349,-9.185808716628843,14.91038833550246
201,4.0200000000000005,1,26.313448918993984,20.401274739471383,-7.590690606732297,11.403953630725505,3.159814343786445,-11.237310675355534,8.18909372520087,41.15021635298017,9.331523972381895,-16.526663810126767,-8.93765428370394,15.388050784918132
202,4.04,1,27.094489588321405,19.009307799832172,-7.996735961379446,10.11348415592633,3.294289882930006,-10.689775390730631,5.212809339177017,37.08335096642533,11.757841099549498,-13.323659405453983,-8.808929977284942,16.573039087043863
203,4.0600000000000005,1,25.734426462295325,15.581971808285841,-9.146017742071642,7.876559636706718,4.022047819655334,-8.906338720133078,-1.9586698695092846,32.03724818875493,14.558988763083644,-10.58158263295669,-8.279713260014013,17.000579900782686
204,4.08,1,22.59496928388669,10.280426785846135,-9.7871650381398,6.667751903624215,5.796122435334915,-8.079220740891106,-11.425513976614296,26.521312066004985,16.585058512435793,-7.413778461945212,-7.507008836568593,12.817433958702964
205,4.1,1,17.977479659654808,4.759849549555166,-11.236321151699528,6.516555847949051,5.008504293836773,-7.365310585821155,-19.04086327379763,19.929636516903663,20.000001125733135,-5.634340013333055,-7.546135575229012,11.272983899616865
206,4.12,1,10.747192522214696,-0.3457695221911685,-14.133136713617105,6.1630534310395175,2.6860060420533642,-6.719029121931263,-27.69928064121123,13.133288372907387,20.000001125733135,-4.154622645218928,-9.776433957180064,11.178666671141803
207,4.14,1,3.1498747109967837,-4.632400354076844,-16.197537484591365,6.3412001325190825,1.9665982250317886,-6.166885594050718,-35.111113353016634,7.315840379436398,19.99999941818584,-3.207594505238446,-11.778061020813674,11.493872217375076
208,4.16,1,-3.2612330480076137,-8.496598233144953,-16.73852091025493,7.041569010672659,2.938616106194643,-5.654292703445955,-39.35056054442477,2.6573760234867865,19.99999771063855,-2.939393040212732,-13.13764261850327,12.055254002994886
209,4.18,1,-8.019967996067598,-12.277481037830421,-16.062504644700212,7.964908987394479,4.865159113725715,-5.168609477510572,-40.92089616669158,-0.9831848135690023,19.674841432558214,-3.0306383911085786,-13.907053183221452,12.218070344882358
210,4.2,1,-11.095549245358272,-15.878885254148173,-14.818611083625,8.955079803823935,7.0632540075138035,-4.629659740672376,-40.4766948140198,-3.62512460953156,18.85604006240438,-3.765939204555128,-14.246365882130283,12.352116222438443
211,4.22,1,-12.611546443909392,-18.94373286115817,-13.49823647931857,9.887036917957372,8.897120526074499,-4.031565688263747,-38.53367333478584,-5.084161445499357,17.671360826338592,-5.1939315500847485,-14.442317179228779,12.424760406903406
212,4.24,1,-12.739826788032339,-21.014465217493033,-12.245852139331385,10.735011733603626,9.859326840494631,-3.4363354061080575,-35.36755280540476,-5.005477666260811,16.211693051646215,-7.267042092911243,-14.80916322445558,12.225420482202939
213,4.26,1,-11.649071190790691,-21.428557388756104,-10.876266022055013,11.536087909087632,9.65107949534282,-3.0396849766642604,-30.918029485694543,-2.453238958111442,13.99965774176213,-9.873482407549483,-15.38808322831669,11.366107552534464
214,4.28,1,-9.093464559050272,-19.733130266935103,-9.396925595005706,12.590928664126062,8.692965318009172,-3.13186755758028,-26.440512635671027,3.7979753530834266,10.42344923951891,-12.973802602013942,-14.839719783254923,11.913627469233733
215,4.3,1,-4.332573405646678,-16.731014532357086,-8.501840403332936,13.69931810225739,8.15962231270591,-3.5897117862323364,-20.7907799372697,11.356362580136148,6.171635136844816,-17.664049108832092,-12.377871158251269,10.407035441169722
216,4.32,1,1.0175056603746702,-11.344079338687527,-7.68514614653805,15.458768856037151,7.279896508929207,-2.739815339551783,-14.234640154872665,19.8700209182805,4.952493327548083,-19.999845738929515,-9.99789088818668,11.333066512424526
217,4.34,1,5.071649392713541,-4.175566139648303,-7.074435027185115,16.865847589215015,6.662356054179905,-1.97406191424732,-8.52767559386851,27.948015640215587,3.877624750315884,-19.999891842706415,-8.79842087747323,13.345363185315344
218,4.36,1,8.438223167629792,2.0886214755447705,-7.056030655579692,16.927942546506895,6.192149183130126,-2.2363988080969315,-4.061111379065929,32.73186818206147,3.3846808198493665,-19.377156175319673,-8.323943857531724,14.647226269423747
219,4.38,1,11.594699469902805,6.018885640020296,-7.3868145826492935,15.866384300419758,5.769970921663406,-3.20951656315957,-0.9609645006516584,33.66366990939129,3.655000283848019,-18.10754012183019,-8.063525819952062,15.20627042280012
220,4.4,1,14.154938677447785,7.3947154039717065,-7.909867907967931,14.189420033698948,5.334509649808305,-4.16619298567293,0.3817862302625565,31.442359202614327,4.8744234115611915,-16.513107592171586,-7.818134198546429,15.604566074060244
221,4.42,1,15.144045691914013,6.592830704844699,-8.487374916444496,12.266134386071737,5.023474360950148,-4.2776411823600275,-1.4134607979053007,26.851901759570065,7.616075858556296,-14.01662649298138,-7.600327149877539,15.932473210828801
222,4.44,1,13.546128058231407,3.452873855409597,-8.749437322066838,10.910455387719159,5.199774350032871,-3.789737718057568,-7.936709697632436,21.87305585465678,11.838887270467223,-10.783500100295193,-7.5246281633062875,14.327486331355232
223,4.46,1,9.461588703425509,-1.473840417220154,-9.409533270439903,10.508922226792448,5.4461781200961354,-2.997549112787629,-17.31552846114844,16.166951897488048,17.773432880842556,-9.668464034327794,-6.776906437410658,12.002425904859424
224,4.48,1,3.0332520056831664,-6.33556778777476,-11.712075417015827,9.525688321238787,4.8933460237698885,-2.500541219764954,-27.321111849887846,9.904516225817082,19.99999941818584,-8.263948329635978,-8.525444683330855,10.459146369442335
225,4.5,1,-3.9691117191536196,-10.30277431103677,-13.762278786026569,8.862304490554006,4.790891051785581,-2.011628381569213,-35.53926717623347,4.509096656537896,20.000001125733135,-7.445268195339909,-10.681809682611103,9.53679591637652
226,4.5200000000000005,1,-9.503469715868736,-13.761142413303407,-14.741798776219035,8.73842876467207,5.810837651014885,-1.5763033933323944,-40.038971895775774,0.40361740916019484,19.99999941818584,-6.97855069718236,-12.220410538446734,10.023562154182173
227,4.54,1,-12.778076701158056,-17.019777854992302,-14.613428785863231,8.962870488345981,7.552020636972624,-1.1518337101208416,-40.903752391874846,-2.394200297029733,19.73323101222536,-7.254141573116381,-13.12758858004501,10.910217184871854
228,4.5600000000000005,1,-13.947475950276878,-19.83030507580417,-13.78534945749558,9.331644354466016,9.225752516668724,-0.7446270098713785,-39.05600522137339,-3.8144288519071643,18.906605660377277,-8.369398766458158,-13.669037312345786,10.823041772947688
229,4.58,1,-13.624149309120462,-21.635985111207514,-12.756985077001058,9.77356698527595,10.061366397464546,-0.3319993005354675,-35.49953255073692,-3.5137069352523156,17.511918597901108,-10.401874379478132,-14.316528146605593,10.634427806565078
230,4.6000000000000005,1,-12.181974502666133,-21.63431171486086,-11.361743061654826,10.433784169506785,9.555403912996574,0.057220263287432224,-30.54828744025966,-0.3849237416908253,15.019150560298451,-13.653629259351883,-15.261350775814396,10.685899258376649
231,4.62,1,-9.005860552755687,-19.398073629652835,-10.024486791041063,10.966877019131696,8.469828160466733,-0.31897266236479865,-25.32165422508936,6.850362133726383,12.454444409036283,-17.27505959031611,-13.877882299049974,10.618760206382715
232,4.64,1,-3.8745989765135684,-15.377238595462002,-9.436468121431849,12.324044998723338,7.356380967255009,-1.0581186055098006,-18.54873789881446,14.0825045212998,10.365940754254694,-19.999832078551176,-11.30021244874312,8.689513511157378
233,4.66,1,1.1071476243628562,-9.22342769102998,-8.40983434011828,14.727011416665958,6.557670171657943,-0.7994609958278573,-11.473170767774414,21.360036931002536,8.094590374070927,-19.999864521949736,-10.182922420349618,10.269828893575214
234,4.68,1,4.917522332110795,-2.595582448292035,-7.738734956992324,16.19310810691461,6.055604310111462,-0.9503700234753223,-5.8640661689904405,27.349747417983124,6.521078713840069,-19.670220809584702,-9.797077350172781,12.210927674557817
235,4.7,1,8.048968979283472,2.217723149915413,-7.662602253408776,16.148279867844526,5.633450808080483,-1.8548808762027096,-1.9552165685536085,29.805453141601998,5.811325155766895,-18.572156909931138,-9.58455003773231,13.309395409146056
236,4.72,1,10.697818792251967,4.458427751953803,-8.090383831315846,15.04724825099659,5.2270963873733916,-2.947426409893725,0.3681316415750696,28.731463951225436,5.981812226979113,-17.028086780117622,-9.475419836494785,13.990586396770707
237,4.74,1,12.273467447919392,4.267500912763498,-8.794192990376992,13.501701946548705,4.8364992130815185,-3.480163022464737,0.5613831196411327,24.870250437937802,7.236623845442591,-15.25719289815715,-9.392230693724969,14.561519348171133
238,4.76,1,11.643618138512082,2.207866333169438,-9.700112569620694,11.52111698820061,4.944374367059053,-2.894030125396681,-3.4045304167944814,19.45293541661367,9.215355261204673,-12.386770894739795,-9.57252634347215,14.87840938980846
239,4.78,1,8.444766488854665,-1.4938568201914053,-9.908004744935665,10.342906795052473,6.059648208986933,-2.3910797543526834,-11.9504310898027,14.398873761012913,11.670477003649511,-9.210375199526087,-9.967806466213712,12.342191957574414
240,4.8,1,3.8843725503290334,-5.376087999493934,-10.58884397781806,9.780822353721797,6.300643749888017,-1.846398208140377,-20.399543286516785,9.23887074874338,15.948071655345817,-7.78756739446333,-9.454027684014305,10.728479511436154
241,4.82,1,-1.4277732458676509,-9.12354385838136,-12.26534123035437,9.221921634317994,5.783270580637891,-1.6194590898294738,-27.8280689806537,4.349746208767383,18.85792177952072,-6.597582808959736,-10.602786955234995,10.66479141252037
242,4.84,1,-6.082608743655577,-12.28186175040934,-13.46593651473358,8.889979563297251,5.96138782692666,-1.332991671250736,-32.647351421271736,0.6404857815748719,19.70565070835685,-6.266442858279647,-11.873379725775788,10.590104147719927
243,4.86,1,-8.791218442993452,-14.718736642486487,-13.695691271808114,8.992431547073796,6.784623270512303,-1.045317763788139,-33.72849864989847,-1.4787699995319048,19.327401662310713,-6.466394938684477,-12.851865796082643,10.569698957574515
244,4.88,1,-9.23308301719544,-16.40149034830253,-13.151998822364991,9.465365798036526,7.552994792702997,-0.89424806661262,-31.724405034200835,-1.8991439171189772,18.209279204612116,-6.848193548664905,-13.675596855269937,10.49228559352159
245,4.9,1,-7.898651029803478,-16.776971460187518,-11.932722970605797,10.333546874568617,7.5550703164370345,-0.8133926073831265,-27.488144126040506,-0.001722998177586695,16.095571298019536,-8.022817892498786,-14.530206345921211,9.920730241133045
246,4.92,1,-5.235826222906314,-14.918569194580844,-10.807878752990261,11.38818613902653,7.135665538660163,-0.9379861434581488,-22.617968238369418,5.79848568078774,11.570242270032281,-11.182423275185311,-14.235761159670192,11.443572143006163
247,4.94,1,-0.8220104384858313,-10.927167153070886,-10.952491786966002,11.975401407634621,6.746243583792356,-2.052289138028534,-17.298948176938232,15.80046955983455,8.47161937757657,-17.109625578429235,-13.285144822497926,11.048081991947623
248,4.96,1,4.339763887295409,-5.075951985003825,-10.894407858264213,13.485744917100263,5.7359313932741784,-2.5665336537519705,-10.875908290897234,25.927258070490417,6.962099759679561,-19.999989172902087,-12.856767310585774,11.594240993454767
249,4.98,1,8.680652194482931,2.384001330495023,-10.459752548731172,15.066698922205495,4.9103126405550235,-2.927341598309068,-4.911958289258173,34.36988073371934,5.88799573674758,-19.999965267239993,-12.295438458932031,13.402983514927218
250,5.0,1,-8.594367268471807,8.594367268471807,0.0,0.0,0.0,0.0,-17.188734536943613,17.188734536943613,8.594367268471807,-8.594367268471807,0.0,0.0
